country,full_country,ISO3,ISO2,UNI,UNDP,FAOSTAT,GAUL,region,GBD
Afghanistan,the Islamic Republic of Afghanistan,AFG,AF,4,AFG,2,1,SA,160
Albania,the Republic of Albania,ALB,AL,8,ALB,3,3,EE,43
Algeria,the People's Democratic Republic of Algeria,DZA,DZ,12,DZA,4,4,NENA,139
Andorra,the Principality of Andorra,AND,AD,20,AND,6,7,WE,74
Angola,the Republic of Angola,AGO,AO,24,AGO,7,8,SSA,168
Antigua and Barbuda,Antigua and Barbuda,ATG,AG,28,ATG,8,11,LAC,105
Argentina,the Argentine Republic,ARG,AR,32,ARG,9,12,LAC,97
Armenia,the Republic of Armenia,ARM,AM,51,ARM,1,13,EE,33
Australia,Australia,AUS,AU,36,AUS,10,17,OCE,71
Austria,the Republic of Austria,AUT,AT,40,AUT,11,18,WE,75
Azerbaijan,the Republic of Azerbaijan,AZE,AZ,31,AZE,52,19,NENA,34
Bahamas,the Commonwealth of the Bahamas,BHS,BS,44,BHS,12,20,LAC,106
Bahrain,the Kingdom of Bahrain,BHR,BH,48,BHR,13,21,NENA,140
Bangladesh,the People's Republic of Bangladesh,BGD,BD,50,BGD,16,23,SA,161
Barbados,Barbados,BRB,BB,52,BRB,14,24,LAC,107
Belarus,the Republic of Belarus,BLR,BY,112,BLR,57,26,EE,57
Belgium,the Kingdom of Belgium,BEL,BE,56,BEL,255,27,WE,76
Belize,Belize,BLZ,BZ,84,BLZ,23,28,LAC,108
Benin,the Republic of Benin,BEN,BJ,204,BEN,53,29,SSA,200
Bhutan,the Kingdom of Bhutan,BTN,BT,64,BTN,18,31,SA,162
Bolivia (Plurinational State of),the Plurinational State of Bolivia,BOL,BO,68,BOL,19,33,LAC,121
Bosnia and Herzegovina,Bosnia and Herzegovina,BIH,BA,70,BIH,80,34,WE,44
Botswana,the Republic of Botswana,BWA,BW,72,BWA,20,35,SSA,193
Brazil,the Federative Republic of Brazil,BRA,BR,76,BRA,21,37,LAC,135
Brunei Darussalam,Brunei Darussalam,BRN,BN,96,BRN,26,40,ESEA,66
Bulgaria,the Republic of Bulgaria,BGR,BG,100,BGR,27,41,EE,45
Burkina Faso,Burkina Faso,BFA,BF,854,BFA,233,42,SSA,201
Burundi,the Republic of Burundi,BDI,BI,108,BDI,29,43,SSA,175
Cabo Verde,Republic of Cabo Verde,CPV,CV,132,CPV,35,47,SSA,203
Cambodia,the Kingdom of Cambodia,KHM,KH,116,KHM,115,44,ESEA,10
Cameroon,the Republic of Cameroon,CMR,CM,120,CMR,32,45,SSA,202
Canada,Canada,CAN,CA,124,CAN,33,46,NA,101
Central African Republic,the Central African Republic,CAF,CF,140,CAF,37,49,SSA,169
Chad,the Republic of Chad,TCD,TD,148,TCD,39,50,SSA,204
Chile,the Republic of Chile,CHL,CL,152,CHL,40,51,LAC,98
China,the People's Republic of China,CHN,CN,156,CHN,41,53,ESEA,6
Colombia,the Republic of Colombia,COL,CO,170,COL,44,57,LAC,125
Comoros,the Union of the Comoros,COM,KM,174,COM,45,58,SSA,176
Congo,the Republic of the Congo,COG,CG,178,COG,46,59,SSA,170
Cook Islands,the Cook Islands,COK,CK,184,COK,47,60,OCE,320
Costa Rica,the Republic of Costa Rica,CRI,CR,188,CRI,48,61,LAC,126
Croatia,the Republic of Croatia,HRV,HR,191,HRV,98,62,WE,46
Cuba,the Republic of Cuba,CUB,CU,192,CUB,49,63,LAC,109
Cyprus,the Republic of Cyprus,CYP,CY,196,CYP,50,64,NENA,77
Czechia,the Czech Republic,CZE,CZ,203,CZE,167,65,EE,47
Côte d'Ivoire,the Republic of Côte d'Ivoire,CIV,CI,384,CIV,107,66,SSA,205
Democratic People's Republic of Korea,the Democratic People's Republic of Korea,PRK,KP,408,PRK,116,67,ESEA,7
Democratic Republic of the Congo,the Democratic Republic of the Congo,COD,CD,180,COD,250,68,SSA,171
Denmark,the Kingdom of Denmark,DNK,DK,208,DNK,54,69,WE,78
Djibouti,the Republic of Djibouti,DJI,DJ,262,DJI,72,70,SSA,177
Dominica,the Commonwealth of Dominica,DMA,DM,212,DMA,55,71,LAC,110
Dominican Republic,the Dominican Republic,DOM,DO,214,DOM,56,72,LAC,111
Ecuador,the Republic of Ecuador,ECU,EC,218,ECU,58,73,LAC,122
Egypt,the Arab Republic of Egypt,EGY,EG,818,EGY,59,40765,NENA,141
El Salvador,the Republic of El Salvador,SLV,SV,222,SLV,60,75,LAC,127
Equatorial Guinea,the Republic of Equatorial Guinea,GNQ,GQ,226,GNQ,61,76,SSA,172
Eritrea,the State of Eritrea,ERI,ER,232,ERI,178,77,SSA,178
Estonia,the Republic of Estonia,EST,EE,233,EST,63,78,WE,58
Eswatini,the Kingdom of Eswatini,SWZ,SZ,748,SWZ,209,235,SSA,197
Ethiopia,the Federal Democratic Republic of Ethiopia,ETH,ET,231,ETH,238,79,SSA,179
Faroe Islands,Faroe Islands,FRO,FO,234,FRO,64,82,WE,
Fiji,the Republic of Fiji,FJI,FJ,242,FJI,66,83,OCE,22
Finland,the Republic of Finland,FIN,FI,246,FIN,67,84,WE,79
France,the French Republic,FRA,FR,250,FRA,68,85,WE,80
Gabon,the Gabonese Republic,GAB,GA,266,GAB,74,89,SSA,173
Gambia,the Republic of the Gambia,GMB,GM,270,GMB,75,90,SSA,206
Georgia,Georgia,GEO,GE,268,GEO,73,92,NENA,35
Germany,the Federal Republic of Germany,DEU,DE,276,DEU,79,93,WE,81
Ghana,the Republic of Ghana,GHA,GH,288,GHA,81,94,SSA,207
Greece,the Hellenic Republic,GRC,GR,300,GRC,84,97,WE,82
Grenada,Grenada,GRD,GD,308,GRD,86,99,LAC,112
Guatemala,the Republic of Guatemala,GTM,GT,320,GTM,89,103,LAC,128
Guinea,the Republic of Guinea,GIN,GN,324,GIN,90,106,SSA,208
Guinea-Bissau,the Republic of Guinea-Bissau,GNB,GW,624,GNB,175,105,SSA,209
Guyana,the Co-operative Republic of Guyana,GUY,GY,328,GUY,91,107,LAC,113
Haiti,the Republic of Haiti,HTI,HT,332,HTI,93,108,LAC,114
Honduras,the Republic of Honduras,HND,HN,340,HND,95,111,LAC,129
Hungary,Hungary,HUN,HU,348,HUN,97,113,EE,48
Iceland,the Republic of Iceland,ISL,IS,352,ISL,99,114,WE,83
India,the Republic of India,IND,IN,356,IND,100,115,SA,163
Indonesia,the Republic of Indonesia,IDN,ID,360,IDN,101,116,ESEA,11
Iran (Islamic Republic of),the Islamic Republic of Iran,IRN,IR,364,IRN,102,117,SA,142
Iraq,the Republic of Iraq,IRQ,IQ,368,IRQ,103,118,NENA,143
Ireland,Ireland,IRL,IE,372,IRL,104,119,WE,84
Israel,the State of Israel,ISR,IL,376,ISR,105,121,NENA,85
Italy,the Republic of Italy,ITA,IT,380,ITA,106,122,WE,86
Jamaica,Jamaica,JAM,JM,388,JAM,109,123,LAC,115
Japan,Japan,JPN,JP,392,JPN,110,126,ESEA,67
Jordan,the Hashemite Kingdom of Jordan,JOR,JO,400,JOR,112,130,NENA,144
Kazakhstan,the Republic of Kazakhstan,KAZ,KZ,398,KAZ,108,132,NENA,36
Kenya,the Republic of Kenya,KEN,KE,404,KEN,114,133,SSA,180
Kiribati,the Republic of Kiribati,KIR,KI,296,KIR,83,135,OCE,23
Kuwait,the State of Kuwait,KWT,KW,414,KWT,118,137,NENA,145
Kyrgyzstan,the Kyrgyz Republic,KGZ,KG,417,KGZ,113,138,NENA,37
Lao People's Democratic Republic,the Lao People's Democratic Republic,LAO,LA,418,LAO,120,139,ESEA,12
Latvia,the Republic of Latvia,LVA,LV,428,LVA,119,140,WE,59
Lebanon,the Lebanese Republic,LBN,LB,422,LBN,121,141,NENA,146
Lesotho,the Kingdom of Lesotho,LSO,LS,426,LSO,122,142,SSA,194
Liberia,the Republic of Liberia,LBR,LR,430,LBR,123,144,SSA,210
Libya,State of Libya,LBY,LY,434,LBY,124,145,NENA,147
Lithuania,the Republic of Lithuania,LTU,LT,440,LTU,126,147,WE,60
Luxembourg,the Grand Duchy of Luxembourg,LUX,LU,442,LUX,256,148,WE,87
Madagascar,the Republic of Madagascar,MDG,MG,450,MDG,129,150,SSA,181
Malawi,the Republic of Malawi,MWI,MW,454,MWI,130,152,SSA,182
Malaysia,Malaysia,MYS,MY,458,MYS,131,153,ESEA,13
Maldives,the Republic of Maldives,MDV,MV,462,MDV,132,154,SA,14
Mali,the Republic of Mali,MLI,ML,466,MLI,133,155,SSA,211
Malta,the Republic of Malta,MLT,MT,470,MLT,134,156,WE,88
Marshall Islands,the Republic of the Marshall Islands,MHL,MH,584,MHL,127,157,OCE,24
Mauritania,the Islamic Republic of Mauritania,MRT,MR,478,MRT,136,159,SSA,212
Mauritius,the Republic of Mauritius,MUS,MU,480,MUS,137,160,SSA,183
Mexico,the United Mexican States,MEX,MX,484,MEX,138,162,LAC,130
Micronesia (Federated States of),the Federated States of Micronesia,FSM,FM,583,FSM,145,163,OCE,25
Monaco,the Principality of Monaco,MCO,MC,492,MCO,140,166,WE,367
Mongolia,Mongolia,MNG,MN,496,MNG,141,167,ESEA,38
Montenegro,Montenegro,MNE,ME,499,MNE,273,2647,WE,50
Morocco,the Kingdom of Morocco,MAR,MA,504,MAR,143,169,NENA,148
Mozambique,the Republic of Mozambique,MOZ,MZ,508,MOZ,144,170,SSA,184
Myanmar,the Republic of the Union of Myanmar,MMR,MM,104,MMR,28,171,ESEA,15
Namibia,the Republic of Namibia,NAM,NA,516,NAM,147,172,SSA,195
Nauru,the Republic of Nauru,NRU,NR,520,NRU,148,173,OCE,369
Nepal,the Federal Democratic Republic of Nepal,NPL,NP,524,NPL,149,175,SA,164
Netherlands,the Kingdom of the Netherlands,NLD,NL,528,NLD,150,177,WE,89
New Zealand,New Zealand,NZL,NZ,554,NZL,156,179,OCE,72
Nicaragua,the Republic of Nicaragua,NIC,NI,558,NIC,157,180,LAC,131
Niger,the Republic of the Niger,NER,NE,562,NER,158,181,SSA,213
Nigeria,the Federal Republic of Nigeria,NGA,NG,566,NGA,159,182,SSA,214
Niue,Niue,NIU,NU,570,NIU,160,183,OCE,374
North Macedonia,the Republic of North Macedonia,MKD,MK,807,MKD,154,241,WE,49
Norway,the Kingdom of Norway,NOR,NO,578,NOR,162,186,WE,90
Oman,the Sultanate of Oman,OMN,OM,512,OMN,221,187,NENA,150
Pakistan,the Islamic Republic of Pakistan,PAK,PK,586,PAK,165,188,SA,165
Palau,the Republic of Palau,PLW,PW,585,PLW,180,189,OCE,380
Panama,the Republic of Panama,PAN,PA,591,PAN,166,191,LAC,132
Papua New Guinea,Independent State of Papua New Guinea,PNG,PG,598,PNG,168,192,OCE,26
Paraguay,the Republic of Paraguay,PRY,PY,600,PRY,169,194,LAC,136
Peru,the Republic of Peru,PER,PE,604,PER,170,195,LAC,123
Philippines,the Republic of the Philippines,PHL,PH,608,PHL,171,196,ESEA,16
Poland,the Republic of Poland,POL,PL,616,POL,173,198,EE,51
Portugal,the Portuguese Republic,PRT,PT,620,PRT,174,199,WE,91
Qatar,the State of Qatar,QAT,QA,634,QAT,179,201,NENA,151
Republic of Korea,the Republic of Korea,KOR,KR,410,KOR,117,202,ESEA,68
Republic of Moldova,the Republic of Moldova,MDA,MD,498,MDA,146,165,EE,61
Romania,Romania,ROU,RO,642,ROU,183,203,EE,52
Russian Federation,the Russian Federation,RUS,RU,643,RUS,185,204,RUS,62
Rwanda,the Republic of Rwanda,RWA,RW,646,RWA,184,205,SSA,185
Saint Kitts and Nevis,Saint Kitts and Nevis,KNA,KN,659,KNA,188,208,LAC,393
Saint Lucia,Saint Lucia,LCA,LC,662,LCA,189,209,LAC,116
Saint Vincent and the Grenadines,Saint Vincent and the Grenadines,VCT,VC,670,VCT,191,211,LAC,117
Samoa,the Independent State of Samoa,WSM,WS,882,WSM,244,212,OCE,27
San Marino,the Republic of San Marino,SMR,SM,674,SMR,192,213,WE,396
Sao Tome and Principe,the Democratic Republic of Sao Tome and Principe,STP,ST,678,STP,193,214,SSA,215
Saudi Arabia,the Kingdom of Saudi Arabia,SAU,SA,682,SAU,194,215,NENA,152
Senegal,the Republic of Senegal,SEN,SN,686,SEN,195,217,SSA,216
Serbia,the Republic of Serbia,SRB,RS,688,SRB,272,2648,WE,53
Seychelles,the Republic of Seychelles,SYC,SC,690,SYC,196,220,SSA,186
Sierra Leone,the Republic of Sierra Leone,SLE,SL,694,SLE,197,221,SSA,217
Singapore,the Republic of Singapore,SGP,SG,702,SGP,200,222,ESEA,69
Slovakia,the Slovak Republic,SVK,SK,703,SVK,199,223,EE,54
Slovenia,the Republic of Slovenia,SVN,SI,705,SVN,198,224,WE,55
Solomon Islands,Solomon Islands,SLB,SB,90,SLB,25,225,OCE,28
Somalia,the Federal Republic of Somalia,SOM,SO,706,SOM,201,226,SSA,187
South Africa,the Republic of South Africa,ZAF,ZA,710,ZAF,202,227,SSA,196
South Sudan,the Republic of South Sudan,SSD,SS,728,SSD,277,74,SSA,435
Spain,the Kingdom of Spain,ESP,ES,724,ESP,203,229,WE,92
Sri Lanka,the Democratic Socialist Republic of Sri Lanka,LKA,LK,144,LKA,38,231,SA,17
Sudan,the Republic of the Sudan,SDN,SD,736,SDN,276,40764,SSA,522
Suriname,the Republic of Suriname,SUR,SR,740,SUR,207,233,LAC,118
Sweden,the Kingdom of Sweden,SWE,SE,752,SWE,210,236,WE,93
Switzerland,the Swiss Confederation,CHE,CH,756,CHE,211,237,WE,94
Syrian Arab Republic,the Syrian Arab Republic,SYR,SY,760,SYR,212,238,NENA,153
Tajikistan,the Republic of Tajikistan,TJK,TJ,762,TJK,208,239,NENA,39
Thailand,the Kingdom of Thailand,THA,TH,764,THA,216,240,ESEA,18
Timor-Leste,the Democratic Republic of Timor-Leste,TLS,TL,626,TLS,176,242,ESEA,19
Togo,the Togolese Republic,TGO,TG,768,TGO,217,243,SSA,218
Tokelau,Tokelau,TKL,TK,772,TKL,218,244,OCE,413
Tonga,the Kingdom of Tonga,TON,TO,776,TON,219,245,OCE,29
Trinidad and Tobago,the Republic of Trinidad and Tobago,TTO,TT,780,TTO,220,246,LAC,119
Tunisia,the Republic of Tunisia,TUN,TN,788,TUN,222,248,NENA,154
Turkey,the Republic of Turkey,TUR,TR,792,TUR,223,249,NENA,155
Turkmenistan,Turkmenistan,TKM,TM,795,TKM,213,250,NENA,40
Tuvalu,Tuvalu,TUV,TV,798,TUV,227,252,OCE,416
Uganda,the Republic of Uganda,UGA,UG,800,UGA,226,253,SSA,190
Ukraine,Ukraine,UKR,UA,804,UKR,230,254,EE,63
United Arab Emirates,the United Arab Emirates,ARE,AE,784,ARE,225,255,NENA,156
United Kingdom of Great Britain and Northern Ireland,the United Kingdom of Great Britain and Northern Ireland,GBR,GB,826,GBR,229,256,WE,95
United Republic of Tanzania,the United Republic of Tanzania,TZA,TZ,834,TZA,215,257,SSA,189
United States of America,the United States of America,USA,US,840,USA,231,259,NA,102
Uruguay,the Eastern Republic of Uruguay,URY,UY,858,URY,234,260,LAC,99
Uzbekistan,the Republic of Uzbekistan,UZB,UZ,860,UZB,235,261,NENA,41
Vanuatu,the Republic of Vanuatu,VUT,VU,548,VUT,155,262,OCE,30
Venezuela (Bolivarian Republic of),the Bolivarian Republic of Venezuela,VEN,VE,862,VEN,236,263,LAC,133
Viet Nam,the Socialist Republic of Viet Nam,VNM,VN,704,VNM,237,264,ESEA,20
Yemen,the Republic of Yemen,YEM,YE,887,YEM,249,269,NENA,157
Zambia,the Republic of Zambia,ZMB,ZM,894,ZMB,251,270,SSA,191
Zimbabwe,the Republic of Zimbabwe,ZWE,ZW,716,ZWE,181,271,SSA,198
